;time;x;y;fx;fy
;63;120;-120;0;93
;126;120;-120;0;104
;189;120;-120;0;104
;252;120;-120;0;104
;315;120;-120;0;104
;378;120;-119;0;136
;441;120;-117;0;136
;504;120;-115;0;136
;567;120;-111;0;136
;630;120;-109;0;136
;693;120;-108;0;102
;756;120;-108;0;102
;819;120;-108;0;102
;882;120;-108;0;102
;945;120;-108;0;102
;1008;120;-108;0;102
;1071;120;-104;0;124
;1134;120;-103;0;124
;1197;120;-101;0;124
;1260;120;-99;0;124
;1323;120;-97;0;80
;1386;120;-97;0;80
;1449;120;-97;0;80
;1512;120;-97;0;80
;1575;120;-97;0;80
;1638;120;-96;0;144
;1701;120;-94;0;144
;1764;120;-92;0;144
;1827;120;-88;0;144
;1890;120;-86;0;144
;1953;120;-84;0;158
;2016;120;-82;0;158
;2079;120;-78;0;158
;2142;120;-75;0;158
;2205;120;-73;0;158
;2268;120;-71;0;154
;2331;120;-67;0;154
;2394;120;-65;0;154
;2457;120;-63;0;154
;2520;120;-61;0;154
;2583;120;-56;0;168
;2646;120;-54;0;168
;2709;120;-51;0;168
;2772;120;-49;0;168
;2835;120;-43;0;216
;2898;120;-40;0;216
;2961;120;-37;0;216
;3024;120;-34;0;216
;3087;120;-27;0;216
;3150;120;-24;0;216
;3213;120;-20;0;210
;3276;120;-17;0;210
;3339;120;-11;0;210
;3402;120;-7;0;210
;3465;120;-4;0;210
;3528;120;-1;0;210
;3591;120;5;0;208
;3654;120;8;0;208
;3717;120;11;0;208
;3780;120;15;0;208
;3843;120;21;0;195
;3906;120;24;0;195
;3969;120;28;0;195
;4032;120;31;0;195
;4095;120;37;0;195
;4158;120;40;0;175
;4221;120;43;0;175
;4284;120;45;0;175
;4347;120;50;0;175
;4410;120;53;0;175
;4473;120;55;0;163
;4536;120;58;0;163
;4599;120;63;0;163
;4662;120;65;0;163
;4725;120;68;0;163
;4788;120;70;0;120
;4851;120;74;0;120
;4914;120;75;0;120
;4977;120;77;0;120
;5040;120;79;0;120
;5103;120;82;0;144
;5166;120;84;0;144
;5229;120;87;0;144
;5292;120;89;0;144
;5355;120;93;0;144
;5418;120;95;0;137
;5481;120;97;0;137
;5544;120;99;0;137
;5607;120;103;0;137
;5670;120;105;0;137
;5733;120;106;0;126
;5796;120;108;0;126
;5859;120;112;0;126
;5922;120;113;0;126
;5985;120;115;0;126
;6048;120;116;0;92
;6111;120;116;0;92
;6174;120;116;0;92
;6237;120;116;0;92
;6300;120;116;0;92
;6363;120;116;0;59
;6426;120;116;0;59
;6489;120;116;0;59
;6552;120;116;0;59
;6615;120;116;0;59
;6678;120;116;0;47
;6741;120;116;0;47
;6804;120;116;0;47
;6867;120;116;0;47
;6930;120;116;0;47
;6993;120;116;0;45
;7056;120;116;0;45
;7119;120;116;0;45
;7182;120;116;0;45
;7245;120;116;0;45
;7308;120;116;0;43
;7371;120;116;0;43
;7434;120;116;0;43
;7497;120;116;0;43
;7560;120;116;0;43
;7623;120;116;0;0
;7686;120;116;0;0
;7749;120;116;0;0
;7812;120;116;0;0
;7875;120;116;0;0
;7938;120;116;0;0
;8001;120;116;0;0
;8064;120;116;0;0
;8127;120;116;0;0
;8190;120;116;0;0
;8253;120;116;0;0
;8316;120;116;0;0
;8379;120;116;0;0
;8442;120;116;0;0
;8505;120;116;0;0
;8568;120;116;0;0
;8631;120;116;0;0
;8694;120;116;0;0
;8757;120;116;0;0
;8820;120;116;0;0
;8883;120;116;0;0
;8946;120;116;0;0
;9009;120;116;0;0
;9072;120;116;0;0
;9135;120;116;0;-38
;9198;120;116;0;-38
;9261;120;116;0;-38
;9324;120;116;0;-38
;9387;120;116;0;-67
;9450;120;116;-31;-67
;9513;120;116;-31;-67
;9576;120;116;-31;-67
;9639;120;116;-31;-67
;9702;120;116;-31;-67
;9765;120;116;-31;-67
;9828;120;116;-33;-80
;9891;120;116;-33;-80
;9954;120;116;-33;-80
;10017;120;116;-33;-80
;10080;120;116;-33;-80
;10143;120;116;-39;-100
;10206;120;116;-39;-100
;10269;120;116;-39;-100
;10332;120;116;-39;-100
;10395;120;114;-54;-176
;10458;120;112;-54;-176
;10521;120;109;-54;-176
;10584;120;107;-54;-176
;10647;120;102;-54;-176
;10710;120;100;-54;-153
;10773;120;97;-54;-153
;10836;120;95;-54;-153
;10899;120;91;-54;-153
;10962;120;89;-54;-153
;11025;120;87;-44;-114
;11088;120;86;-44;-114
;11151;120;83;-44;-114
;11214;120;81;-44;-114
;11277;120;80;-44;-114
;11340;120;78;-44;-56
;11403;120;78;-33;-56
;11466;120;78;-33;-56
;11529;120;78;-33;-56
;11592;120;78;-33;-56
;11655;120;78;-33;0
;11718;120;78;-30;0
;11781;120;78;-30;0
;11844;120;78;-30;0
;11907;120;78;-30;0
;11970;120;78;-30;70
;12033;120;78;-30;70
;12096;120;78;-62;70
;12159;120;78;-62;70
;12222;120;78;-62;70
;12285;120;80;-62;168
;12348;120;83;-62;168
;12411;120;88;-96;168
;12474;120;90;-96;168
;12537;120;93;-96;168
;12600;120;94;-96;88
;12663;120;94;-96;88
;12726;117;94;-268;88
;12789;111;94;-268;88
;12852;100;94;-268;0
;12915;95;94;-268;0
;12978;89;94;-268;0
;13041;85;94;-136;0
;13104;81;94;-136;0
;13167;79;95;-136;151
;13230;77;97;-136;151
;13293;75;99;-136;151
;13356;74;101;-81;151
;13419;74;105;-81;151
;13482;74;107;-81;0
;13545;74;107;-81;0
;13608;74;107;-81;0
;13671;70;107;-231;0
;13734;66;107;-231;0
;13797;62;107;-231;-169
;13860;59;104;-231;-169
;13923;52;99;-206;-169
;13986;49;97;-206;-169
;14049;46;94;-206;-169
;14112;39;90;-206;-122
;14175;36;88;-206;-122
;14238;32;87;-206;-122
;14301;30;85;-136;-122
;14364;27;81;-136;-122
;14427;25;81;-136;-89
;14490;23;81;-136;-89
;14553;21;81;-136;-89
;14616;18;81;-124;-89
;14679;16;81;-124;-89
;14742;14;80;-124;-156
;14805;13;78;-124;-156
;14868;9;74;-111;-156
;14931;8;72;-111;-156
;14994;6;70;-111;-156
;15057;5;66;-111;-257
;15120;2;56;-111;-257
;15183;1;51;-110;-257
;15246;1;47;-110;-257
;15309;1;42;-110;-257
;15372;1;35;-110;-176
;15435;1;33;-110;-176
;15498;1;30;-114;-176
;15561;0;28;-114;-176
;15624;-3;23;-114;-46
;15687;-4;23;-114;-46
;15750;-6;23;-114;-46
;15813;-7;23;-123;-46
;15876;-11;23;-123;-46
;15939;-12;23;-123;-58
;16002;-14;23;-123;-58
;16065;-16;23;-123;-58
;16128;-19;23;-127;-58
;16191;-21;23;-127;-58
;16254;-23;23;-127;-58
;16317;-24;22;-127;-124
;16380;-28;18;-127;-124
;16443;-30;17;-124;-124
;16506;-31;15;-124;-124
;16569;-33;13;-124;-124
;16632;-36;9;-124;-188
;16695;-38;6;-124;-188
;16758;-40;4;-112;-188
;16821;-43;-1;-112;-188
;16884;-44;-3;-112;-188
;16947;-46;-6;-112;-161
;17010;-47;-8;-112;-161
;17073;-48;-13;-104;-161
;17136;-48;-15;-104;-161
;17199;-48;-18;-104;-161
;17262;-48;-20;-104;-157
;17325;-48;-24;-104;-157
;17388;-48;-26;-121;-157
;17451;-50;-28;-121;-157
;17514;-52;-30;-121;-157
;17577;-55;-34;-121;-120
;17640;-57;-36;-121;-120
;17703;-58;-37;-118;-120
;17766;-61;-41;-118;-120
;17829;-61;-41;-118;-120
;17892;-64;-42;-118;-62
;17955;-66;-42;-118;-62
;18018;-67;-42;-106;-62
;18081;-67;-42;-106;-62
;18144;-67;-42;-106;-59
;18207;-67;-42;-106;-59
;18270;-67;-42;-106;-59
;18333;-67;-42;-124;-59
;18396;-71;-42;-124;-59
;18459;-73;-42;-124;-59
;18522;-74;-42;-124;-99
;18585;-78;-42;-124;-99
;18648;-80;-42;-160;-99
;18711;-82;-42;-160;-99
;18774;-85;-42;-160;-99
;18837;-90;-47;-160;-161
;18900;-92;-49;-160;-161
;18963;-94;-51;-131;-161
;19026;-96;-54;-131;-161
;19089;-99;-58;-131;-173
;19152;-101;-61;-131;-173
;19215;-103;-63;-131;-173
;19278;-104;-66;-118;-173
;19341;-106;-69;-118;-173
;19404;-109;-72;-118;-104
;19467;-110;-72;-118;-104
;19530;-112;-72;-118;-104
;19593;-113;-72;-94;-104
;19656;-113;-72;-94;-104
;19719;-113;-73;-94;-118
;19782;-113;-74;-94;-118
;19845;-113;-76;-94;-118
;19908;-115;-79;-114;-118
;19971;-116;-80;-114;-118
;20034;-118;-82;-114;-175
;20097;-121;-87;-114;-175
;20160;-122;-90;-83;-175
;20223;-122;-92;-83;-175
;20286;-122;-95;-83;-175
;20349;-122;-97;-83;-110
;20412;-122;-97;-83;-110
;20475;-122;-97;-88;-110
;20538;-122;-97;-88;-110
;20601;-122;-97;-88;-110
;20664;-122;-97;-88;-110
;20727;-122;-97;-88;-104
;20790;-122;-97;-88;-104
;20853;-122;-97;-91;-104
;20916;-122;-97;-91;-104
;20979;-122;-97;-91;-104
;21042;-122;-97;-91;-95
;21105;-122;-97;-104;-95
;21168;-122;-97;-104;-95
;21231;-122;-97;-104;-95
;21294;-122;-97;-104;-95
;21357;-122;-101;-104;-180
;21420;-123;-104;-120;-180
;21483;-125;-106;-120;-180
;21546;-126;-109;-120;-180
;21609;-130;-114;-120;-176
;21672;-131;-116;-120;-176
;21735;-133;-119;-32;-176
;21798;-133;-124;-32;-176
;21861;-133;-124;-32;-176
;21924;-133;-128;-32;0
;21987;-133;-128;-32;0
;22050;-133;-128;0;0
;22113;-133;-128;0;0
;22176;-133;-128;0;0
;22239;-133;-128;0;0
;22302;-133;-128;0;0
;22365;-133;-128;0;0
;22428;-133;-128;0;0
;22491;-133;-128;0;0
;22554;-133;-128;0;0
;22617;-133;-128;76;0
;22680;-133;-128;76;0
;22743;-133;-128;76;0
;22806;-133;-128;76;33
;22869;-133;-128;76;33
;22932;-133;-128;76;33
;22995;-128;-128;179;33
;23058;-125;-128;179;33
;23121;-125;-128;179;33
;23184;-120;-128;179;54
;23247;-118;-128;179;54
;23310;-115;-128;417;54
;23373;-107;-128;417;54
;23436;-104;-128;417;47
;23499;-100;-128;417;47
;23562;-96;-128;417;47
;23625;-89;-128;374;47
;23688;-86;-128;374;47
;23751;-82;-128;374;47
;23814;-78;-128;374;47
;23877;-75;-128;374;47
;23940;-67;-128;408;47
;24003;-64;-128;408;47
;24066;-60;-128;408;43
;24129;-53;-128;408;43
;24192;-49;-128;408;43
;24255;-45;-128;441;43
;24318;-38;-128;441;43
;24381;-38;-128;441;43
;24444;-31;-128;441;51
;24507;-27;-128;441;51
;24570;-23;-128;517;51
;24633;-16;-128;517;51
;24696;-12;-128;517;47
;24759;-9;-128;517;47
;24822;-1;-128;560;47
;24885;-1;-128;560;47
;24948;5;-128;560;47
;25011;8;-128;560;47
;25074;12;-128;560;68
;25137;19;-128;560;68
;25200;23;-128;616;68
;25263;27;-128;616;68
;25326;30;-128;616;68
;25389;38;-128;616;63
;25452;41;-128;616;63
;25515;45;-128;644;63
;25578;49;-128;644;63
;25641;56;-128;644;71
;25704;60;-128;644;71
;25767;63;-128;644;71
;25830;70;-128;615;71
;25893;70;-128;615;71
;25956;78;-128;615;51
;26019;81;-128;615;51
;26082;85;-128;615;51
;26145;92;-128;462;51
;26208;96;-128;462;51
;26271;100;-128;462;0
;26334;103;-128;462;0
;26397;111;-128;370;0
;26460;114;-128;370;0
;26523;118;-128;370;0
;26586;125;-128;370;0
;26649;129;-128;370;0
;26712;132;-128;74;0
;26775;132;-128;74;0
;26838;132;-128;74;0
;26901;132;-128;74;0
;26964;132;-128;74;0
;27027;132;-128;0;0
;27090;132;-128;0;0
;27153;132;-128;0;0
;27216;132;-128;0;0
;27279;132;-128;0;0
;27342;132;-128;0;0
;27405;132;-128;0;0
;27468;132;-128;0;0
;27531;132;-128;0;0
;27594;132;-128;0;0
;27657;132;-128;0;0
;27720;132;-128;0;0
;27783;132;-128;0;0
;27846;132;-128;0;0
;27909;132;-128;0;0
;27972;132;-128;0;0
;28035;132;-128;0;0
;28098;132;-128;0;0
;28161;132;-128;0;51
;28224;132;-128;0;51
;28287;132;-128;0;51
;28350;132;-128;-29;51
;28413;132;-128;-29;51
;28476;132;-122;-29;257
;28539;132;-117;-29;257
;28602;132;-108;-57;257
;28665;132;-108;-57;257
;28728;132;-98;-57;268
;28791;132;-94;-57;268
;28854;132;-89;-57;268
;28917;132;-79;-135;268
;28980;130;-75;-135;268
;29043;128;-70;-135;106
;29106;126;-70;-135;106
;29169;122;-70;-135;106
;29232;122;-70;-135;106
;29295;117;-70;-294;106
;29358;113;-70;-294;57
;29421;109;-70;-294;57
;29484;101;-70;-294;57
;29547;97;-70;-294;57
;29610;95;-70;-141;57
;29673;91;-69;-141;112
;29736;89;-68;-141;112
;29799;87;-66;-141;112
;29862;85;-65;-141;112
;29925;84;-62;-76;112
;29988;84;-61;-76;79
;30051;84;-61;-76;79
;30114;84;-61;-76;79
;30177;84;-61;-76;79
;30240;81;-61;-138;79
;30303;79;-61;-138;77
;30366;75;-61;-138;77
;30429;75;-61;-138;77
;30492;71;-61;-137;77
;30555;69;-61;-137;77
;30618;67;-60;-137;163
;30681;65;-58;-137;163
;30744;61;-53;-137;163
;30807;60;-51;-71;163
;30870;60;-48;-71;163
;30933;60;-46;-71;87
;30996;60;-46;-71;87
;31059;60;-46;-71;87
;31122;59;-46;-128;87
;31185;56;-46;-128;90
;31248;54;-46;-128;90
;31311;53;-46;-128;90
;31374;51;-46;-128;90
;31437;49;-46;-80;90
;31500;49;-46;-80;269
;31563;49;-42;-80;269
;31626;49;-37;-80;269
;31689;49;-32;-80;269
;31752;49;-23;-56;269
;31815;49;-18;-56;269
;31878;49;-14;-56;240
;31941;49;-10;-56;240
;32004;49;-3;-56;240
;32067;49;0;-93;240
;32130;49;7;-93;239
;32193;49;11;-93;239
;32256;49;14;-93;239
;32319;49;18;-93;239
;32382;48;21;-219;239
;32445;41;26;-219;58
;32508;37;26;-219;58
;32571;33;26;-219;58
;32634;30;26;-219;58
;32697;25;26;-272;58
;32760;15;27;-272;130
;32823;10;29;-272;130
;32886;0;33;-272;130
;32949;-2;34;-100;130
;33012;-2;36;-100;130
;33075;-2;38;-100;159
;33138;-2;41;-100;159
;33201;-2;45;-100;159
;33264;-3;48;-147;159
;33327;-5;50;-147;159
;33390;-7;53;-147;91
;33453;-9;53;-147;91
;33516;-13;53;-147;91
;33579;-15;53;-250;91
;33642;-18;53;-250;91
;33705;-22;53;-250;184
;33768;-31;58;-250;184
;33831;-36;60;-250;184
;33894;-42;66;-115;184
;33957;-44;69;-115;184
;34020;-45;72;-115;211
;34083;-47;75;-115;211
;34146;-49;78;-115;211
;34209;-51;85;-88;211
;34272;-51;88;-88;211
;34335;-51;89;-88;105
;34398;-51;89;-88;105
;34461;-51;89;-88;105
;34524;-51;89;-110;105
;34587;-51;89;-110;105
;34650;-51;89;-110;98
;34713;-51;89;-110;98
;34776;-51;89;-110;98
;34839;-51;89;-105;98
;34902;-51;89;-105;98
;34965;-51;93;-105;159
;35028;-51;95;-105;159
;35091;-51;98;-105;159
;35154;-51;100;-180;159
;35217;-56;105;-180;136
;35280;-59;107;-180;136
;35343;-62;109;-180;136
;35406;-64;111;-180;136
;35469;-72;115;-271;136
;35532;-76;117;-271;0
;35595;-82;117;-271;0
;35658;-93;117;-271;0
;35721;-98;117;-160;0
;35784;-101;117;-160;0
;35847;-103;117;-160;42
;35910;-105;117;-160;42
;35973;-110;117;-160;42
;36036;-112;117;-160;42
;36099;-112;117;-68;42
;36162;-112;117;-68;42
;36225;-112;117;-68;62
;36288;-112;117;-68;62
;36351;-112;117;-68;62
;36414;-112;117;-33;62
;36477;-112;117;-33;50
;36540;-112;117;-33;50
;36603;-112;117;-33;50
;36666;-112;117;-33;50
;36729;-112;117;-49;50
;36792;-112;117;-49;0
;36855;-112;117;-49;0
;36918;-112;117;-49;0
;36981;-113;117;-147;0
;37044;-115;117;-147;0
;37107;-117;117;-147;0
;37170;-119;117;-147;0
;37233;-123;117;-147;0
;37296;-125;117;-59;0
;37359;-125;117;-59;0
;37422;-125;117;-59;0
;37485;-125;117;-59;0
;37548;-125;117;-59;0
;37611;-125;117;0;0
;37674;-125;117;0;0
;37737;-125;117;0;0
;37800;-125;117;0;0
;37863;-125;117;0;-41
;37926;-125;117;0;-41
;37989;-125;117;0;-41
;38052;-125;117;0;-41
;38115;-125;117;0;-41
;38178;-125;117;0;-41
;38241;-125;111;0;-198
;38304;-125;107;0;-198
;38367;-125;104;0;-198
;38430;-125;97;0;-198
;38493;-125;94;0;-307
;38556;-125;90;0;-307
;38619;-125;87;0;-307
;38682;-125;83;0;-307
;38745;-125;79;0;-307
;38808;-125;71;0;-261
;38871;-125;66;0;-261
;38934;-125;57;0;-261
;38997;-125;57;0;-261
;39060;-125;47;0;-261
;39123;-125;43;0;-241
;39186;-125;40;0;-241
;39249;-125;32;0;-241
;39312;-125;29;0;-241
;39375;-125;25;0;-241
;39438;-125;22;0;-153
;39501;-125;18;0;-153
;39564;-125;16;0;-153
;39627;-125;14;0;-153
;39690;-125;10;0;-212
;39753;-125;6;0;-212
;39816;-125;3;0;-212
;39879;-125;0;0;-212
;39942;-125;-3;0;-212
;40005;-125;-9;0;-229
;40068;-125;-13;0;-229
;40131;-125;-16;0;-229
;40194;-125;-23;0;-229
;40257;-125;-26;0;-229
;40320;-125;-29;0;-226
;40383;-125;-33;0;-226
;40446;-125;-36;0;-226
;40509;-125;-39;0;-226
;40572;-125;-46;0;-226
;40635;-125;-49;0;-226
;40698;-125;-51;0;-129
;40761;-125;-55;41;-129
;40824;-125;-57;41;-129
;40887;-125;-58;41;-129
;40950;-125;-61;41;-99
;41013;-125;-61;59;-99
;41076;-125;-61;59;-99
;41139;-125;-61;59;-99
;41202;-125;-61;59;-99
;41265;-125;-62;59;-168
;41328;-125;-64;55;-168
;41391;-125;-67;55;-168
;41454;-125;-69;55;-168
;41517;-125;-72;55;-168
;41580;-125;-78;55;-269
;41643;-125;-82;27;-269
;41706;-125;-87;27;-269
;41769;-125;-97;27;-269
;41832;-125;-106;27;-188
;41895;-125;-109;0;-188
;41958;-125;-111;0;-188
;42021;-125;-114;0;-188
;42084;-125;-116;0;-188
;42147;-125;-122;0;-139
;42210;-125;-125;0;-139
;42273;-125;-127;0;-139
;42336;-125;-130;0;-139
;42399;-125;-130;0;-70
;42462;-125;-130;27;-70
;42525;-125;-130;27;-70
;42588;-125;-130;27;-70
;42651;-125;-130;27;-64
;42714;-125;-130;32;-64
;42777;-125;-130;32;-64
;42840;-125;-130;32;-64
;42903;-125;-130;32;-64
;42966;-125;-130;32;-62
;43029;-125;-130;45;-62
;43092;-125;-130;45;-62
;43155;-125;-130;45;-62
;43218;-125;-130;45;-63
;43281;-125;-130;60;-63
;43344;-125;-130;60;-63
;43407;-125;-130;60;-63
;43470;-125;-130;60;-63
;43533;-125;-130;60;-54
;43596;-122;-130;147;-54
;43659;-120;-130;147;-54
;43722;-118;-130;147;-54
;43785;-116;-130;147;-54
;43848;-114;-130;147;0
;43911;-110;-130;133;0
;43974;-109;-130;133;0
;44037;-105;-130;133;0
;44100;-103;-130;133;0
;44163;-102;-130;142;0
;44226;-98;-130;142;0
;44289;-96;-130;142;0
;44352;-94;-130;142;0
;44415;-90;-130;179;0
;44478;-87;-130;179;0
;44541;-85;-130;179;0
;44604;-82;-130;179;0
;44667;-80;-130;179;0
;44730;-75;-130;179;-27
;44793;-71;-130;193;-27
;44856;-68;-130;193;-27
;44919;-62;-130;193;-27
;44982;-59;-130;193;-27
;45045;-52;-130;320;0
;45108;-48;-130;320;0
;45171;-41;-130;320;0
;45234;-37;-130;320;0
;45297;-34;-130;320;0
;45360;-30;-130;445;0
;45423;-26;-130;445;0
;45486;-19;-130;445;0
;45549;-15;-130;445;0
;45612;-12;-130;445;0
;45675;-8;-130;383;0
;45738;-1;-130;383;0
;45801;2;-130;383;0
;45864;6;-130;383;0
;45927;9;-130;383;0
;45990;17;-130;326;0
;46053;20;-130;326;0
;46116;24;-130;326;0
;46179;28;-130;326;0
;46242;31;-130;326;0
;46305;38;-130;305;0
;46368;42;-130;305;0
;46431;46;-130;305;0
;46494;49;-130;305;0
;46557;57;-130;276;0
;46620;61;-130;276;0
;46683;66;-130;276;0
;46746;76;-130;276;0
;46809;80;-130;276;0
;46872;85;-130;276;0
;46935;87;-130;128;0
;46998;91;-130;128;0
;47061;93;-130;128;0
;47124;94;-130;128;0
;47187;96;-130;128;0
;47250;97;-130;116;0
;47313;99;-130;116;0
;47376;102;-130;116;0
;47439;103;-130;116;0
;47502;105;-130;116;0
;47565;106;-130;95;0
;47628;106;-130;95;0
;47691;106;-130;95;0
;47754;106;-130;95;0
;47817;106;-130;95;0
;47880;111;-130;234;0
;47943;114;-130;234;0
;48006;121;-130;234;58
;48069;124;-130;234;58
;48132;126;-130;46;58
;48195;126;-130;46;58
;48258;126;-130;46;58
;48321;126;-130;46;0
;48384;126;-130;46;0
;48447;126;-130;0;0
;48510;126;-130;0;0
;48573;126;-130;0;30
;48636;126;-130;0;30
;48699;126;-130;0;30
;48762;126;-130;0;30
;48825;126;-130;0;30
;48888;126;-130;0;30
;48951;126;-130;0;28
;49014;126;-130;0;28
;49077;126;-130;0;28
;49140;126;-130;0;28
;49203;126;-130;0;28
;49266;126;-130;0;0
;49329;126;-130;0;0
;49392;126;-130;0;0
;49455;126;-130;0;0
;49518;126;-130;0;0
;49581;126;-130;0;0
;49644;126;-130;0;0
;49707;126;-130;0;0
;49770;126;-130;0;0
;49833;126;-130;0;0
;49896;126;-130;0;0
;49959;126;-130;0;0
;50022;126;-130;-72;0
;50085;126;-130;-72;0
;50148;126;-130;-72;0
;50211;126;-130;-72;0
;50274;126;-130;-72;0
;50337;124;-130;-133;0
;50400;122;-130;-133;0
;50463;121;-130;-133;0
;50526;119;-130;-133;0
;50589;117;-130;-133;0
;50652;111;-130;-218;0
;50715;104;-129;-218;293
;50778;101;-126;-218;293
;50841;97;-122;-218;293
;50904;94;-115;0;293
;50967;94;-112;0;293
;51030;94;-108;0;293
;51093;94;-101;0;568
;51156;94;-94;-29;568
;51219;94;-90;-29;568
;51282;94;-86;-29;568
;51345;94;-86;-29;0
;51408;94;-86;-29;0
;51471;94;-86;-64;0
;51534;94;-86;-64;0
;51597;94;-86;-64;0
;51660;94;-86;-64;41
;51723;94;-86;-64;41
;51786;94;-86;-64;41
;51849;94;-86;-69;41
;51912;94;-86;-69;41
;51975;94;-86;-69;37
;52038;94;-86;-69;37
;52101;94;-86;-69;37
;52164;93;-86;-137;37
;52227;91;-86;-137;37
;52290;90;-86;-137;0
;52353;86;-86;-137;0
;52416;84;-86;-137;0
;52479;82;-86;-108;0
;52542;82;-86;-108;0
;52605;82;-86;-108;48
;52668;82;-86;-108;48
;52731;82;-86;-108;48
;52794;82;-86;-94;48
;52857;82;-86;-94;46
;52920;82;-86;-94;46
;52983;82;-86;-94;46
;53046;82;-86;-120;46
;53109;80;-86;-120;46
;53172;79;-86;-120;224
;53235;77;-83;-120;224
;53298;75;-80;-120;224
;53361;72;-73;-120;224
;53424;72;-70;-80;224
;53487;72;-66;-80;224
;53550;72;-60;-80;213
;53613;72;-57;-80;213
;53676;72;-53;-80;213
;53739;72;-50;-98;213
;53802;72;-45;-98;40
;53865;72;-45;-98;40
;53928;72;-45;-98;40
;53991;72;-45;-98;40
;54054;70;-45;-117;40
;54117;68;-44;-117;219
;54180;66;-40;-117;219
;54243;65;-37;-117;219
;54306;63;-34;-117;219
;54369;59;-27;-156;219
;54432;57;-25;-156;65
;54495;54;-25;-156;65
;54558;52;-25;-156;65
;54621;48;-25;-97;65
;54684;48;-25;-97;65
;54747;48;-25;-97;0
;54810;48;-25;-97;0
;54873;48;-25;-97;0
;54936;48;-25;-103;0
;54999;48;-25;-103;0
;55062;48;-25;-103;0
;55125;48;-25;-103;0
;55188;48;-25;-103;0
;55251;48;-25;-174;0
;55314;45;-25;-174;0
;55377;39;-25;-174;0
;55440;37;-25;-174;0
;55503;31;-25;-174;0
;55566;30;-25;-94;0
;55629;30;-25;-94;0
;55692;30;-25;-94;0
;55755;30;-25;-94;0
;55818;30;-25;-94;0
;55881;30;-25;-62;0
;55944;30;-25;-62;0
;56007;30;-25;-62;59
;56070;30;-25;-62;59
;56133;30;-25;-62;59
;56196;30;-25;-37;59
;56259;30;-25;-37;59
;56322;30;-20;-37;202
;56385;30;-17;-37;202
;56448;30;-13;-37;202
;56511;30;-10;0;202
;56574;30;-5;0;0
;56637;30;-5;0;0
;56700;30;-5;0;0
;56763;30;-5;0;0
;56826;30;-5;0;0
;56889;30;-5;0;58
;56952;30;-5;0;58
;57015;30;-5;0;58
;57078;30;-5;0;58
;57141;30;-5;-32;58
;57204;30;-5;-32;0
;57267;30;-5;-32;0
;57330;30;-5;-32;0
;57393;30;-5;-41;0
;57456;30;-5;-41;0
;57519;30;-5;-41;0
;57582;30;-5;-41;0
;57645;30;-5;-41;0
;57708;30;-5;-41;0
;57771;30;-5;-88;0
;57834;30;-5;-88;0
;57897;30;-5;-88;-39
;57960;30;-5;-88;-39
;58023;30;-5;-88;-39
;58086;30;-5;-89;-39
;58149;30;-5;-89;-31
;58212;30;-5;-89;-31
;58275;30;-5;-89;-31
;58338;30;-5;-89;-31
;58401;27;-5;-157;-31
;58464;22;-5;-157;-33
;58527;20;-5;-157;-33
;58590;17;-5;-157;-33
;58653;15;-5;-151;-33
;58716;13;-5;-151;-33
;58779;8;-5;-151;0
;58842;6;-5;-151;0
;58905;3;-5;-151;0
;58968;1;-5;-151;0
;59031;0;-5;-52;0
;59094;0;-5;-52;0
;59157;0;-5;-52;0
;59220;0;-5;-52;0
;59283;0;-5;-52;0
;59346;0;-5;-38;0
;59409;0;-5;-38;0
;59472;0;-5;-38;0
;59535;0;-5;-38;0
;59598;0;-5;-38;0
;59661;0;-5;-29;-69
;59724;0;-5;-29;-69
;59787;0;-5;-29;-69
;59850;0;-5;-29;-69
;59913;0;-5;-29;-69
;59976;0;-5;-27;-69
;60039;0;-5;-27;0
;60102;0;-5;-27;0
;60165;0;-5;-27;0
;60228;0;-5;-27;0
;60291;0;-5;-27;0
;60354;0;-2;-27;116
;60417;0;-1;-27;116
;60480;0;0;-27;116
;60543;0;1;-27;116
;60606;0;6;-32;116
;60669;0;11;-32;254
;60732;0;16;-32;254
;60795;0;20;-32;254
;60858;0;25;-32;254
;60921;0;33;-48;88
;60984;0;33;-48;88
;61047;0;33;-48;88
;61110;0;33;-48;88
;61173;0;33;-55;88
;61236;0;34;-55;182
;61299;0;36;-55;182
;61362;0;39;-55;182
;61425;0;44;-55;182
;61488;0;46;-70;182
;61551;0;51;-70;140
;61614;0;53;-70;140
;61677;0;55;-70;140
;61740;0;57;-70;140
;61803;0;59;-121;140
;61866;-3;61;-121;0
;61929;-4;61;-121;0
;61992;-6;61;-121;0
;62055;-8;61;-121;0
;62118;-10;61;-121;0
;62181;-10;61;-47;-96
;62244;-10;61;-47;-96
;62307;-10;61;-47;-96
;62370;-10;61;-47;-96
;62433;-10;61;-48;-96
;62496;-10;58;-48;-263
;62559;-10;48;-48;-263
;62622;-10;44;-48;-263
;62685;-10;39;-48;-263
;62748;-10;34;-43;-263
;62811;-10;31;-43;-134
;62874;-10;29;-43;-134
;62937;-10;26;-43;-134
;63000;-10;24;-43;-134
;63063;-10;22;-36;-134
;63126;-10;21;-36;-93
;63189;-10;21;-36;-93
;63252;-10;21;-36;-93
;63315;-10;21;-36;-93
;63378;-10;21;0;0
;63441;-10;21;0;0
;63504;-10;21;0;0
;63567;-10;21;0;0
;63630;-10;21;-36;0
;63693;-10;21;-36;44
;63756;-10;21;-36;44
;63819;-10;21;-36;44
;63882;-10;21;-36;44
;63945;-10;21;-62;44
;64008;-10;21;-62;209
;64071;-10;24;-62;209
;64134;-10;28;-62;209
;64197;-10;34;-62;209
;64260;-10;37;-62;209
;64323;-10;41;-61;209
;64386;-10;43;-61;186
;64449;-10;48;-61;186
;64512;-10;51;-61;186
;64575;-10;53;-61;186
;64638;-10;56;-65;186
;64701;-10;60;-65;145
;64764;-10;64;-65;145
;64827;-10;66;-65;145
;64890;-10;68;-100;145
;64953;-10;69;-100;42
;65016;-10;69;-100;42
;65079;-10;69;-100;42
;65142;-10;69;-100;42
;65205;-11;69;-157;42
;65268;-13;69;-157;0
;65331;-15;69;-157;0
;65394;-20;69;-157;0
;65457;-22;69;-157;0
;65520;-25;69;-167;0
;65583;-29;69;-167;0
;65646;-32;69;-167;0
;65709;-34;69;-167;0
;65772;-37;69;-167;0
;65835;-39;69;-141;0
;65898;-43;69;-141;0
;65961;-45;69;-141;0
;66024;-47;69;-141;0
;66087;-49;69;-141;0
;66150;-52;69;-123;0
;66213;-54;69;-123;0
;66276;-56;69;-123;0
;66339;-59;69;-123;0
;66402;-61;69;-107;0
;66465;-61;69;-107;0
;66528;-61;69;-107;0
;66591;-61;69;-107;0
;66654;-62;69;-113;0
;66717;-65;69;-113;0
;66780;-67;69;-113;0
;66843;-68;69;-113;0
;66906;-70;69;-113;0
;66969;-70;69;-65;75
;67032;-70;69;-65;75
;67095;-70;69;-65;75
;67158;-70;69;-65;75
;67221;-70;69;-65;75
;67284;-70;71;-46;219
;67347;-70;74;-46;219
;67410;-70;77;-46;219
;67473;-70;84;-46;219
;67536;-70;87;-52;219
;67599;-70;89;-52;81
;67662;-70;89;-52;81
;67725;-70;89;-52;81
;67788;-70;89;-52;81
;67851;-70;89;-40;81
;67914;-70;90;-40;158
;67977;-70;92;-40;158
;68040;-70;96;-40;158
;68103;-70;98;-40;158
;68166;-70;101;-53;158
;68229;-70;103;-53;48
;68292;-70;103;-53;48
;68355;-70;103;-53;48
;68418;-70;103;-53;48
;68481;-70;103;-53;48
;68544;-70;103;-61;61
;68607;-70;103;-61;61
;68670;-70;103;-61;61
;68733;-70;103;-61;61
;68796;-70;103;-61;61
;68859;-70;103;-71;54
;68922;-70;103;-71;54
;68985;-70;103;-71;54
;69048;-70;103;-71;54
;69111;-70;104;-62;117
;69174;-70;107;-62;117
;69237;-70;108;-62;117
;69300;-70;110;-62;117
;69363;-70;111;-62;117
;69426;-70;112;-75;32
;69489;-70;112;-75;32
;69552;-70;112;-75;32
;69615;-70;112;-75;32
;69678;-70;112;-68;50
;69741;-70;112;-68;50
;69804;-70;112;-68;50
;69867;-70;112;-68;50
;69930;-70;112;-68;50
;69993;-70;112;-59;46
;70056;-70;112;-59;46
;70119;-70;112;-59;46
;70182;-70;112;-59;46
;70245;-70;112;-34;36
;70308;-70;112;-34;36
;70371;-70;112;-34;36
;70434;-70;112;-34;36
;70497;-70;112;-34;36
;70560;-70;112;0;40
;70623;-70;112;0;40
;70686;-70;112;0;40
;70749;-70;112;0;40
;70812;-70;112;0;40
;70875;-70;112;0;0
;70938;-70;112;0;0
;71001;-70;112;0;0
;71064;-70;112;0;0
;71127;-70;112;0;0
;71190;-70;112;0;0
;71253;-70;112;0;0
;71316;-70;112;0;0
;71379;-70;112;0;0
;71442;-70;112;0;0
;71505;-70;112;0;0
;71568;-69;112;114;0
;71631;-66;112;114;0
;71694;-65;112;114;0
;71757;-62;112;114;0
;71820;-60;112;203;0
;71883;-57;112;203;0
;71946;-54;112;203;0
;72009;-47;112;203;0
;72072;-44;112;203;0
;72135;-41;112;198;0
;72198;-31;112;198;0
;72261;-28;112;198;0
;72324;-24;112;198;0
;72387;-21;112;180;0
;72450;-16;112;180;0
;72513;-14;112;180;0
;72576;-11;112;180;0
;72639;-6;112;180;0
;72702;-1;112;186;0
;72765;1;112;186;0
;72828;3;112;186;0
;72891;8;112;186;0
;72954;11;112;170;0
;73017;13;112;170;0
;73080;18;112;170;0
;73143;23;112;170;0
;73206;26;112;154;0
;73269;28;112;154;0
;73332;32;112;154;0
;73395;34;112;154;0
;73458;37;112;154;0
;73521;43;112;140;-28
;73584;49;112;140;-28
;73647;52;112;126;-31
;73710;57;112;126;-31
;73773;61;112;126;-39
;73836;64;112;115;-39
;73899;68;112;115;-39
;73962;71;112;142;-49
;74025;77;112;142;-49
;74088;81;112;142;-49
;74151;83;112;142;-52
;74214;90;112;213;-52
;74277;93;112;213;-52
;74340;96;112;213;-52
;74403;106;112;300;-52
;74466;110;112;300;-52
;74529;117;112;300;-52
;74592;125;112;300;-70
;74655;126;112;101;-70
;74718;126;112;101;-70
;74781;126;112;101;-70
;;;;;
;;;;;
;;;;;
;;;;;
;;;;;
;;;;;
;;;;;
;;;;;
;;;;;
;;;;;
;;;;;
;;;;;
;;;;;
;;;;;
;;;;;
;;;;;
;;;;;
;;;;;
;;;;;
;;;;;
;;;;;
;;;;;
;;;;;
;;;;;
;;;;;
;;;;;
;;;;;
;;;;;
;;;;;
;;;;;
;;;;;
;;;;;
;;;;;
;;;;;
;;;;;
;;;;;
;;;;;
;;;;;
;;;;;
;;;;;
;;;;;
;;;;;
;;;;;
;;;;;
;;;;;
;;;;;
;;;;;
;;;;;
;;;;;
;;;;;
;;;;;
;;;;;
;;;;;
;;;;;
;;;;;
;;;;;
;;;;;
;;;;;
;;;;;
;;;;;
;;;;;
;;;;;
;;;;;
;;;;;
;;;;;
;;;;;
;;;;;
;;;;;
;;;;;
;;;;;
;;;;;
;;;;;
;;;;;
;;;;;
;;;;;
;;;;;
;;;;;
;;;;;
;;;;;
;;;;;
;;;;;
;;;;;
;;;;;
;;;;;
;;;;;
;;;;;
;;;;;
;;;;;
;;;;;
;;;;;
;;;;;
